{"b_agent": {"input_hidden": [[401.2554045287104, -858.3762148351934, -644.603248214215, -244.91077950646604, 259.59520767314575, -967.5530796272241, 524.7962006038913, -318.29281500992977, -597.0604695164272, -643.52824728884], [-112.88178856420302, -843.7378159350881, 22.104705407687675, -819.1415895487253, 370.5370718025149, 406.14774458798115, -684.0655389597665, -714.6554050472553, -37.99670126326805, -654.1932734793108], [-933.5440940061461, 192.71014093676104, -54.059564678450556, 997.7340729766165, 748.7548143912418, -741.8610216567838, -11.470645144097602, 209.0998891983022, -549.7840139388603, 924.2806138205303], [276.87063174451237, -244.57150481557835, -389.00255114853974, 306.2515791941628, -615.9036663187094, -672.7349084773925, -467.7506942060435, 583.9303993698322, -924.9237447791343, 114.6583109306082], [481.83573691266383, 69.49748186845636, -929.1960784818183, 825.5580957809434, 235.84830164264963, -755.0023084650682, -374.5329128534338, 272.4541339574457, -687.3530865065198, -241.2073899960203]], "hidden_output": [-12.252551835993472, 871.9665809271535, 734.4696221411987, 81.47274421614816, -411.343004596898]}}